,RCDTS,School Name,School Type,County,# Student Enrollment,% Student Enrollment - Low Income,Student Attendance Rate,$ Site-level PEr-Pupil Expenditures - Subtotal,$ District Centralized Per-Pupil Expenditure - Subtotal,$ Total Per-Pupil Expenditures - Subtotal,SAT Reading Average,SAT Math Average,Address,City,CountyName,RecType,Zip,Lat,Lng
186,050162020170001,Evanston Twp High School,HIGH SCHOOL,Cook,3514,36.5,91.5,20271.0,1949.0,22220.0,540.1,540.7,1600 Dodge Ave,Evanston,Cook,Sch,60201,42.0475443,-87.6997693
187,050162030170001,New Trier Township H S Winnetka,HIGH SCHOOL,Cook,2963,4.2,94.9,22428.8,3076.44,25505.24,611.9,627.6,385 Winnetka Ave,Winnetka,Cook,Sch,60093,42.09438,-87.7192627
188,050162030170002,New Trier Township H S Northfield,HIGH SCHOOL,Cook,1015,2.6,96.2,22281.03,3076.44,25357.47,,,7 Happ Rd,Northfield,Cook,Sch,60093,42.0948865,-87.7667624
189,050162070170001,Maine East High School,HIGH SCHOOL,Cook,1852,41.6,91.9,13382.03,5994.55,19376.58,491.2,497.3,2601 Dempster St,Park Ridge,Cook,Sch,60068,42.0373803,-87.8575843
190,050162070170003,Maine South High School,HIGH SCHOOL,Cook,2391,6.4,93.8,12801.7,5919.13,18720.83,559.6,577.8,1111 S Dee Rd,Park Ridge,Cook,Sch,60068,42.00137429999999,-87.8522847
191,050162070170004,Maine West High School,HIGH SCHOOL,Cook,2078,31.9,91.7,13504.78,5968.52,19473.3,495.7,500.5,1755 S Wolf Rd,Des Plaines,Cook,Sch,60018,42.0198117,-87.906624
192,050162110170001,J B Conant High School,HIGH SCHOOL,Cook,2334,27.9,96.3,14801.0,2839.0,17640.0,535.8,563.0,700 E Cougar Trl,Hoffman Estates,Cook,Sch,60169,42.037094,-88.062725
193,050162110170002,Wm Fremd High School,HIGH SCHOOL,Cook,2576,15.1,97.1,14630.0,2848.0,17478.0,568.6,601.5,1000 S Quentin Rd,Palatine,Cook,Sch,60067,42.095368,-88.06533879999999
194,050162110170003,Palatine High School,HIGH SCHOOL,Cook,2566,55.0,95.0,17940.0,2641.0,20581.0,499.0,511.1,1111 N Rohlwing Rd,Palatine,Cook,Sch,60074,42.132177,-88.02178409999999
195,050162110170004,Schaumburg High School,HIGH SCHOOL,Cook,2095,32.8,96.3,16821.0,2622.0,19443.0,516.3,545.2,1100 W Schaumburg Rd,Schaumburg,Cook,Sch,60194,42.02751689999999,-88.1067125
196,050162110170006,Hoffman Estates High School,HIGH SCHOOL,Cook,1959,50.6,95.4,18536.0,2629.0,21165.0,505.7,527.5,1100 W Higgins Rd,Hoffman Estates,Cook,Sch,60169,42.0529247,-88.1075151
197,050162140170002,Elk Grove High School,HIGH SCHOOL,Cook,1944,28.7,95.3,13076.78,7582.17,20658.95,500.0,508.2,500 W Elk Grove Blvd,Elk Grove Village,Cook,Sch,60007,42.0109726,-87.9974699
198,050162140170004,John Hersey High School,HIGH SCHOOL,Cook,1898,11.6,96.3,12392.02,7349.11,19741.13,572.5,584.3,1900 E Thomas St,Arlington Heights,Cook,Sch,60004,42.1037131,-87.95893629999999
199,050162140170005,Prospect High School,HIGH SCHOOL,Cook,2133,6.8,95.9,12315.52,7349.11,19664.63,569.6,588.6,801 W Kensington Rd,Mt Prospect,Cook,Sch,60056,42.0789422,-87.9498691
200,050162140170006,Wheeling High School,HIGH SCHOOL,Cook,1739,36.6,94.9,14475.26,7582.18,22057.44,485.0,493.8,900 S Elmhurst Rd,Wheeling,Cook,Sch,60090,42.1259361,-87.9386557
201,050162140170007,Rolling Meadows High School,HIGH SCHOOL,Cook,1863,20.7,95.1,13251.39,7582.17,20833.56,513.6,526.0,2901 Central Rd,Rolling Meadows,Cook,Sch,60008,42.0649256,-88.01569549999999
202,050162140170008,Buffalo Grove High School,HIGH SCHOOL,Cook,1981,15.5,95.6,13339.83,7349.11,20688.94,530.2,564.5,1100 W Dundee Rd,Buffalo Grove,Cook,Sch,60089,42.1403899,-87.983853
203,050162190170002,Niles North High School,HIGH SCHOOL,Cook,2068,32.0,93.9,21542.7101,5460.6001,27003.3102,527.9,531.4,9800 Lawler Ave,Skokie,Cook,Sch,60077,42.0593855,-87.75480569999999
204,050162190170003,Niles West High School,HIGH SCHOOL,Cook,2464,30.1,93.7,18846.5132,5234.1486,24080.6618,529.3,539.4,5701 Oakton St,Skokie,Cook,Sch,60077,42.0258557,-87.77176299999999
205,050162250170001,Glenbrook North High School,HIGH SCHOOL,Cook,2023,4.8,94.8,19252.0,5736.0,24988.0,584.1,601.2,2300 Shermer Rd,Northbrook,Cook,Sch,60062,42.1106997,-87.8313344
206,050162250170002,Glenbrook South High School,HIGH SCHOOL,Cook,3078,18.0,94.3,15910.0,5736.0,21646.0,569.4,583.7,4000 W Lake Ave,Glenview,Cook,Sch,60026,42.0887384,-87.8515991
315,060162000130001,Oak Park & River Forest High Sch,HIGH SCHOOL,Cook,3398,19.2,94.0,14869.36,8771.77,23641.13,569.7,566.5,201 N Scoville Ave,Oak Park,Cook,Sch,60302,41.89009129999999,-87.7888658
316,060162010170001,J Sterling Morton East High Sch,HIGH SCHOOL,Cook,3476,90.9,91.7,8111.0,4000.0,12111.0,444.2,420.0,2423 S Austin Blvd,Cicero,Cook,Sch,60804,41.8465895,-87.77079859999999
317,060162010170002,J Sterling Morton West High Sch,HIGH SCHOOL,Cook,3569,80.5,92.1,8105.0,4065.0,12170.0,458.3,430.1,2400 Home Ave,Berwyn,Cook,Sch,60402,41.8465321,-87.79898589999999
318,060162010170003,J Sterling Morton Freshman Cntr,HIGH SCHOOL,Cook,1242,93.7,94.2,9526.0,4059.0,13585.0,,,1801 S 55th Ave,Cicero,Cook,Sch,60804,41.85699049999999,-87.7597205
319,060162040170001,Lyons Twp High Sch,HIGH SCHOOL,Cook,4050,11.8,94.2,15794.43,2517.02,18311.45,557.1,574.3,100 S Brainard Ave,La Grange,Cook,Sch,60525,41.81124390000001,-87.8802899
320,060162080170001,Riverside Brookfield Twp HS,HIGH SCHOOL,Cook,1636,11.7,94.6,13017.3,2108.76,15126.06,537.6,545.0,160 Ridgewood Rd,Riverside,Cook,Sch,60546,41.8286314,-87.83015979999999
321,060162090170001,Proviso East High School,HIGH SCHOOL,Cook,1660,45.8,82.0,10350.1864,6988.0311,17338.2175,421.1,404.9,807 S 1st Ave,Maywood,Cook,Sch,60153,41.8802148,-87.8335909
322,060162090170002,Proviso West High School,HIGH SCHOOL,Cook,1852,25.3,85.6,10779.4121,6963.9988,17743.4109,426.2,404.3,4701 Harrison St,Hillside,Cook,Sch,60162,41.8670215,-87.9003778
323,060162090170003,Proviso Math and Science Academy,HIGH SCHOOL,Cook,822,30.7,95.7,9999.3634,6329.4314,16328.7948,574.4,579.3,8601 Roosevelt Rd,Forest Park,Cook,Sch,60130,41.8650692,-87.8326409
324,060162120160001,East Leyden High School,HIGH SCHOOL,Cook,1813,53.8,92.1,12087.5618,9491.653,21579.2148,484.2,483.3,3400 Rose St,Franklin Park,Cook,Sch,60131,41.9418944,-87.8664838
325,060162120160002,West Leyden High School,HIGH SCHOOL,Cook,1606,60.9,93.4,14856.0451,9491.653,24347.6981,471.8,462.1,1000 N Wolf Rd,Northlake,Cook,Sch,60164,41.92711560000001,-87.9054367
326,060162340160001,Ridgewood Comm High School,HIGH SCHOOL,Cook,839,30.4,93.7,19766.77,0.0,19766.77,490.8,473.0,7500 W Montrose Ave,Norridge,Cook,Sch,60706,41.9613366,-87.8151834
327,060164010260001,Elmwood Park High School,HIGH SCHOOL,Cook,952,45.8,92.0,10239.4434,3735.1725,13974.6159,490.7,490.1,8201 W Fullerton Ave,Elmwood Park,Cook,Sch,60707,41.9218509,-87.8303141
540,070162050170001,Thornton Township High School,HIGH SCHOOL,Cook,1649,64.1,93.4,17126.0,6978.0,24104.0,427.5,419.7,15001 Broadway Ave,Harvey,Cook,Sch,60426,41.6163282,-87.64385349999999
541,070162050170002,Thornridge High School,HIGH SCHOOL,Cook,1089,97.3,94.7,25820.0,6978.0,32798.0,413.6,396.6,15000 Cottage Grove Ave,Dolton,Cook,Sch,60419,41.6209271,-87.5986872
542,070162050170003,Thornwood High School,HIGH SCHOOL,Cook,1780,99.2,94.9,11465.0,6978.0,18443.0,436.2,425.9,17101 S Park Ave,South Holland,Cook,Sch,60473,41.5833193,-87.60522830000001
543,070162060170001,Bloom High School,HIGH SCHOOL,Cook,1642,86.2,89.8,1216.16,16057.98,17274.14,447.8,434.7,101 W 10th St,Chicago Heights,Cook,Sch,60411,41.5159752,-87.6445473
544,070162060170002,Bloom Trail High School,HIGH SCHOOL,Cook,1225,78.2,88.7,678.39,16057.98,16736.37,439.0,415.9,22331 Cottage Grove Ave,Chicago Heights,Cook,Sch,60411,41.4824245,-87.5927138
545,070162100170001,Lemont Twp High School,HIGH SCHOOL,Cook,1373,11.9,94.3,17177.71,0.0,17177.71,546.0,551.4,800 Porter St,Lemont,Cook,Sch,60439,41.6735297,-87.99158
546,070162150170001,Thornton Fractnl No High School,HIGH SCHOOL,Cook,1312,70.7,94.6,13115.04,4343.01,17458.05,439.8,421.7,755 Pulaski Rd,Calumet City,Cook,Sch,60409,41.6143474,-87.5451483
547,070162150170002,Thornton Fractnl So High School,HIGH SCHOOL,Cook,1821,65.1,95.2,11765.04,4343.01,16108.05,453.2,439.6,18500 Burnham Ave,Lansing,Cook,Sch,60438,41.5586067,-87.5412853
548,070162170160001,Argo Community High School,HIGH SCHOOL,Cook,1922,64.0,93.6,14772.82,2995.03,17767.85,469.1,483.8,7329 W 63rd St,Summit,Cook,Sch,60501,41.7751752,-87.80399659999999
549,070162180160001,DD Eisenhower High Sch (Campus),HIGH SCHOOL,Cook,1809,84.0,92.3,13527.0,5649.0,19176.0,437.7,436.9,12700 Sacramento Ave,Blue Island,Cook,Sch,60406,41.6617824,-87.69576119999999
550,070162180160004,H L Richards High Sch(Campus),HIGH SCHOOL,Cook,1640,62.7,92.9,14529.0,5412.0,19941.0,454.4,452.9,10601 Central Ave,Oak Lawn,Cook,Sch,60453,41.6988579,-87.7571127
551,070162180160007,A B Shepard High Sch (Campus),HIGH SCHOOL,Cook,1755,62.8,93.1,14474.0,5602.0,20076.0,487.8,473.6,13049 S Ridgeland Ave,Palos Heights,Cook,Sch,60463,41.6550845,-87.7757889
552,070162200170001,Reavis High School,HIGH SCHOOL,Cook,1841,40.6,95.4,17577.0,0.0,17577.0,474.7,477.6,6034 W 77th St,Burbank,Cook,Sch,60459,41.75356000000001,-87.77631799999999
553,070162270170002,Rich Central Campus High School,HIGH SCHOOL,Cook,1053,74.0,88.2,19431.36931,788.0138422,20219.38315,432.3,420.5,3600 W 203rd St,Olympia Fields,Cook,Sch,60461,41.523021,-87.7059589
554,070162270170003,Rich South Campus High School,HIGH SCHOOL,Cook,902,80.5,88.6,20440.23109,788.0138422,21228.24493,442.4,428.1,5000 Sauk Trl,Richton Park,Cook,Sch,60471,41.4859804,-87.73757619999999
555,070162280160001,Bremen High School,HIGH SCHOOL,Cook,1417,36.8,91.8,8246.7,7820.62,16067.32,445.4,442.4,15203 Pulaski Rd,Midlothian,Cook,Sch,60445,41.6155115,-87.7155683
556,070162280160002,Tinley Park High School,HIGH SCHOOL,Cook,970,28.9,91.1,9400.14,7677.33,17077.47,495.8,491.7,6111 175th St,Tinley Park,Cook,Sch,60477,41.5714656,-87.7671084
557,070162280160003,Hillcrest High School,HIGH SCHOOL,Cook,1146,55.6,82.3,9963.37,7993.41,17956.78,423.9,415.9,17401 Pulaski Rd,Country Club Hills,Cook,Sch,60478,41.57335250000001,-87.7121816
558,070162280160004,Oak Forest High School,HIGH SCHOOL,Cook,1362,28.5,90.2,9117.31,8099.91,17217.22,498.8,490.2,15201 Central Ave,Oak Forest,Cook,Sch,60452,41.6154668,-87.75296
559,070162290160001,Oak Lawn Comm High School,HIGH SCHOOL,Cook,1841,39.6,95.0,19303.0,0.0,19303.0,477.6,482.6,9400 Southwest Hwy,Oak Lawn,Cook,Sch,60453,41.7205411,-87.76916489999999
560,070162300130001,Carl Sandburg High School,HIGH SCHOOL,Cook,2816,12.4,98.0,12006.2115,5825.4496,17831.6611,531.0,529.1,13300 S La Grange Rd,Orland Park,Cook,Sch,60462,41.6497963,-87.8563933
561,070162300130002,Amos Alonzo Stagg High School,HIGH SCHOOL,Cook,2272,33.4,95.6,11706.3412,5773.2233,17479.5645,507.5,512.5,8015 W 111th St,Palos Hills,Cook,Sch,60465,41.6878991,-87.8185898
562,070162300130003,Victor J Andrew High School,HIGH SCHOOL,Cook,2211,17.6,96.4,11924.7972,5888.8697,17813.6669,522.2,516.9,9001 171st St,Orland Hills,Cook,Sch,60487,41.577298,-87.8390749
563,070162310160001,Evergreen Park High School,HIGH SCHOOL,Cook,806,31.6,94.5,21269.11,0.0,21269.11,501.3,503.7,9901 S Kedzie Ave,Evergreen Park,Cook,Sch,60805,41.7123545,-87.6998639
564,070162330160001,Homewood-Flossmoor High School,HIGH SCHOOL,Cook,2771,19.6,94.2,13060.9855,5150.6391,18211.6246,512.3,503.4,999 Kedzie Ave,Flossmoor,Cook,Sch,60422,41.546143,-87.69144299999999
566,150162990250001,Amundsen High School,HIGH SCHOOL,Cook,1289,75.3,91.3,9256.93,3323.03,12579.96,481.3,489.8,5110 N Damen Ave,Chicago,Cook,Sch,60625,41.9750696,-87.6800719
567,150162990250003,Bogan High School,HIGH SCHOOL,Cook,828,90.0,83.1,9619.64,4046.54,13666.18,406.1,400.3,3939 W 79th St,Chicago,Cook,Sch,60652,41.748772,-87.7208789
568,150162990250006,Carver Military Academy HS,HIGH SCHOOL,Cook,481,85.0,93.3,9987.89,4913.59,14901.48,459.0,469.2,13100 S Doty Ave,Chicago,Cook,Sch,60827,41.6565611,-87.5894723
569,150162990250011,Farragut Career Academy HS,HIGH SCHOOL,Cook,651,97.4,85.4,12405.79,3990.62,16396.41,413.2,414.3,2345 S Christiana Ave,Chicago,Cook,Sch,60623,41.84955069999999,-87.70817869999999
570,150162990250012,Fenger Academy High School,HIGH SCHOOL,Cook,203,92.6,83.2,14956.49,5261.56,20218.05,392.2,372.1,11220 S Wallace St,Chicago,Cook,Sch,60628,41.6897069,-87.63784
571,150162990250013,Foreman High School,HIGH SCHOOL,Cook,739,94.5,84.6,11913.99,3652.15,15566.14,393.4,392.6,3235 N Leclaire Ave,Chicago,Cook,Sch,60641,41.93958689999999,-87.7532676
572,150162990250014,Back of The Yards IB HS,HIGH SCHOOL,Cook,1067,92.9,93.3,8108.26,2753.85,10862.11,475.0,490.7,2111 W 47th St,Chicago,Cook,Sch,60609,41.80774359999999,-87.6776045
573,150162990250015,Gage Park High School,HIGH SCHOOL,Cook,342,97.1,81.4,14335.56,3314.01,17649.57,397.9,381.7,5630 S Rockwell St,Chicago,Cook,Sch,60629,41.7910374,-87.6894698
574,150162990250016,Harlan Community Academy HS,HIGH SCHOOL,Cook,328,94.8,82.8,13360.05,4043.92,17403.97,400.3,380.0,9652 S Michigan Ave,Chicago,Cook,Sch,60628,41.71761,-87.6215689
575,150162990250017,Harper High School,HIGH SCHOOL,Cook,86,90.7,87.2,30080.7,6654.04,36734.74,381.5,375.4,6520 S Wood St,Chicago,Cook,Sch,60636,41.7749477,-87.66974859999999
576,150162990250019,Hirsch Metropolitan High School,HIGH SCHOOL,Cook,98,99.0,77.0,23648.14,5628.78,29276.92,392.8,374.1,7740 S Ingleside Ave,Chicago,Cook,Sch,60619,41.75397479999999,-87.601897
577,150162990250020,Hubbard High School,HIGH SCHOOL,Cook,1691,95.5,89.2,8793.27,3103.53,11896.8,447.2,432.0,6200 S Hamlin Ave,Chicago,Cook,Sch,60629,41.7801987,-87.71864699999999
578,150162990250021,Hyde Park Academy High School,HIGH SCHOOL,Cook,776,96.8,85.9,10950.08,3600.47,14550.55,413.2,397.4,6220 S Stony Island Ave,Chicago,Cook,Sch,60637,41.7821025,-87.5870796
579,150162990250022,Thomas Kelly College Preparatory,HIGH SCHOOL,Cook,1895,94.1,88.0,8941.05,3238.19,12179.24,422.2,436.2,4136 S California Ave,Chicago,Cook,Sch,60632,41.8186124,-87.69511690000002
580,150162990250023,Kelvyn Park High School,HIGH SCHOOL,Cook,405,97.0,84.2,10632.82,3950.34,14583.16,419.1,416.2,4343 W Wrightwood Ave,Chicago,Cook,Sch,60639,41.9272439,-87.7359639
581,150162990250024,Kennedy High School,HIGH SCHOOL,Cook,1588,66.2,89.5,8922.56,3467.35,12389.91,482.6,469.0,6325 W 56th St,Chicago,Cook,Sch,60638,41.7902256,-87.78031639999999
582,150162990250025,Kenwood Academy High School,HIGH SCHOOL,Cook,1860,57.1,93.5,7582.85,3201.22,10784.07,512.7,507.3,5015 S Blackstone Ave,Chicago,Cook,Sch,60615,41.8032019,-87.58962670000001
583,150162990250026,Lake View High School,HIGH SCHOOL,Cook,1383,72.3,86.7,8816.52,3121.6,11938.12,465.1,464.2,4015 N Ashland Ave,Chicago,Cook,Sch,60613,41.9551713,-87.668517
584,150162990250027,Lane Technical High School,HIGH SCHOOL,Cook,4517,43.6,94.5,6479.26,2863.3,9342.56,608.6,627.0,2501 W Addison St,Chicago,Cook,Sch,60618,41.945431,-87.690618
585,150162990250029,Marshall Metropolitan High School,HIGH SCHOOL,Cook,251,96.8,76.3,17163.34,4417.53,21580.87,392.6,372.1,3250 W Adams St,Chicago,Cook,Sch,60624,41.8790699,-87.70656199999999
586,150162990250030,Mather High School,HIGH SCHOOL,Cook,1486,86.5,89.4,8578.56,2997.59,11576.15,450.4,461.5,5835 N Lincoln Ave,Chicago,Cook,Sch,60659,41.988255,-87.7007878
587,150162990250031,Morgan Park High School,HIGH SCHOOL,Cook,1225,86.1,86.7,9680.12,3432.09,13112.21,444.5,431.7,1744 W Pryor Ave,Chicago,Cook,Sch,60643,41.6919932,-87.6660502
588,150162990250034,Phillips Academy High School,HIGH SCHOOL,Cook,738,94.4,80.6,9248.69,3347.82,12596.51,398.5,393.4,244 E Pershing Rd,Chicago,Cook,Sch,60653,41.8243586,-87.61980059999999
589,150162990250035,Roosevelt High School,HIGH SCHOOL,Cook,954,94.1,89.2,10514.0,3498.62,14012.62,421.9,421.1,3436 W Wilson Ave,Chicago,Cook,Sch,60625,41.9650389,-87.7144907
590,150162990250036,Schurz High School,HIGH SCHOOL,Cook,1607,88.6,86.3,9648.24,3381.77,13030.01,429.5,423.5,3601 N Milwaukee Ave,Chicago,Cook,Sch,60641,41.9474657,-87.7352863
591,150162990250037,Senn High School,HIGH SCHOOL,Cook,1414,79.6,90.6,8770.67,3134.6,11905.27,489.3,487.9,5900 N Glenwood Ave,Chicago,Cook,Sch,60660,41.9890169,-87.666424
592,150162990250039,King College Prep High School,HIGH SCHOOL,Cook,514,79.2,89.8,11162.43,3948.29,15110.72,517.7,508.0,4445 S Drexel Blvd,Chicago,Cook,Sch,60653,41.8138791,-87.6027457
593,150162990250041,Steinmetz College Prep HS,HIGH SCHOOL,Cook,1227,82.9,86.2,9503.11,3166.73,12669.84,435.3,417.5,3030 N Mobile Ave,Chicago,Cook,Sch,60634,41.935631,-87.78415199999999
594,150162990250042,Sullivan High School,HIGH SCHOOL,Cook,654,88.1,84.5,12170.08,4053.33,16223.41,400.6,420.8,725 N Main St,Sullivan,Moultrie,Sch,61951,39.6062461,-88.6083
595,150162990250043,Taft High School,HIGH SCHOOL,Cook,3398,46.6,90.5,7403.32,3124.92,10528.24,501.5,491.0,6530 W Bryn Mawr Ave,Chicago,Cook,Sch,60631,41.98454110000001,-87.7917807
596,150162990250044,Tilden Career Communty Academy HS,HIGH SCHOOL,Cook,214,93.5,80.9,16306.94,5304.62,21611.56,391.4,398.8,4747 S Union Ave,Chicago,Cook,Sch,60609,41.8075106,-87.6424668
597,150162990250046,Von Steuben Metro Science HS,HIGH SCHOOL,Cook,1772,66.3,92.7,7765.94,2798.72,10564.66,519.8,532.5,5039 N Kimball Ave,Chicago,Cook,Sch,60625,41.9732156,-87.7130686
598,150162990250047,Lincoln Park High School,HIGH SCHOOL,Cook,2104,46.8,90.7,7240.09,2751.43,9991.52,532.3,540.4,2001 N Orchard St,Chicago,Cook,Sch,60614,41.9193918,-87.6455484
599,150162990250048,Washington G High School,HIGH SCHOOL,Cook,1435,85.8,89.7,8123.67,3089.07,11212.74,452.5,443.5,3535 E 114th St,Chicago,Cook,Sch,60617,41.6875577,-87.5388128
600,150162990250049,Wells Community Academy HS,HIGH SCHOOL,Cook,358,89.7,86.2,11793.81,3996.65,15790.46,408.6,406.7,936 N Ashland Ave,Chicago,Cook,Sch,60622,41.89933509999999,-87.6677931
601,150162990250052,Crane Medical Prep HS,HIGH SCHOOL,Cook,428,86.7,84.7,9738.53,3075.68,12814.21,462.2,457.7,2245 W Jackson Blvd,Chicago,Cook,Sch,60612,41.876853,-87.683244
602,150162990250053,Disney II Magnet HS,HIGH SCHOOL,Cook,711,47.8,91.6,,,,524.4,481.1,3900 N Lawndale Ave,Chicago,Cook,Sch,60618,41.9522637,-87.72047649999999
632,150162990250526,Chicago Vocational Career Acad HS,HIGH SCHOOL,Cook,875,92.6,83.6,10829.08,4176.82,15005.9,392.3,389.4,2100 E 87th St,Chicago,Cook,Sch,60617,41.7376946,-87.57431480000001
634,150162990250531,Dunbar Vocational Career Acad HS,HIGH SCHOOL,Cook,312,95.8,86.7,17899.95,5104.98,23004.93,402.1,386.3,3000 S King Dr,Chicago,Cook,Sch,60616,41.84005,-87.61841160000002
635,150162990250533,Jones College Prep High School,HIGH SCHOOL,Cook,1908,37.5,92.6,7340.08,2862.84,10202.92,640.1,644.5,700 S State St,Chicago,Cook,Sch,60605,41.8729828,-87.6279698
636,150162990250534,Prosser Career Academy HS,HIGH SCHOOL,Cook,1327,89.1,89.0,8819.83,3309.12,12128.95,476.1,477.6,2148 N Long Ave,Chicago,Cook,Sch,60639,41.9191471,-87.76171649999999
637,150162990250536,Richards Career Academy HS,HIGH SCHOOL,Cook,217,99.1,77.8,13682.71,4384.11,18066.82,396.9,379.3,5009 S Laflin St,Chicago,Cook,Sch,60609,41.8027526,-87.6620432
638,150162990250537,Simeon Career Academy High School,HIGH SCHOOL,Cook,1338,88.6,88.2,7908.4,3141.08,11049.48,417.8,405.1,8147 S Vincennes Ave,Chicago,Cook,Sch,60620,41.7455554,-87.63452459999999
640,150162990250543,Corliss High School,HIGH SCHOOL,Cook,272,91.2,83.7,15516.1,5051.2,20567.3,402.4,394.6,821 E 103rd St,Chicago,Cook,Sch,60628,41.7066424,-87.6027457
641,150162990250545,Clemente Community Academy HS,HIGH SCHOOL,Cook,697,87.7,81.1,10486.91,3467.55,13954.46,425.4,396.2,1147 N Western Ave,Chicago,Cook,Sch,60622,41.9026513,-87.6861165
649,150162990250616,Manley Career Academy High School,HIGH SCHOOL,Cook,80,85.0,74.3,26512.47,6438.47,32950.94,385.8,357.3,2935 W Polk St,Chicago,Cook,Sch,60612,41.8704946,-87.7004769
650,150162990250617,Curie Metropolitan High School,HIGH SCHOOL,Cook,2895,88.5,88.4,8561.2,3207.7,11768.9,443.0,449.7,4959 S Archer Ave,Chicago,Cook,Sch,60632,41.8018544,-87.72187939999999
664,150162990250763,Julian High School,HIGH SCHOOL,Cook,449,85.7,81.0,13326.8,4046.94,17373.74,388.7,376.1,10330 S Elizabeth St,Chicago,Cook,Sch,60643,41.7061464,-87.6542595
665,150162990250764,Young Magnet High School,HIGH SCHOOL,Cook,2208,37.8,95.4,7577.59,3390.1,10967.69,637.4,655.4,211 S Laflin St,Chicago,Cook,Sch,60607,41.8781343,-87.66381659999999
666,150162990250767,Juarez Community Academy HS,HIGH SCHOOL,Cook,1702,71.9,85.7,8652.12,3049.16,11701.28,432.0,415.2,1450 W Cermak Rd,Chicago,Cook,Sch,60608,41.8530157,-87.6644329
667,150162990250772,Chicago HS for Agricult Sciences,HIGH SCHOOL,Cook,761,39.8,93.6,10698.04,4060.3,14758.34,496.1,500.7,3857 W 111th St,Chicago,Cook,Sch,60655,41.6904447,-87.7169538
668,150162990250779,Hancock College Preparatory HS,HIGH SCHOOL,Cook,1008,81.7,92.9,7536.63,2877.17,10413.8,543.5,543.3,4034 W 56th St,Chicago,Cook,Sch,60629,41.7919642,-87.7249427
669,150162990250788,Brooks College Prep Academy HS,HIGH SCHOOL,Cook,986,67.6,91.0,8209.25,4180.62,12389.87,565.8,559.6,250 E 111th St,Chicago,Cook,Sch,60628,41.6941786,-87.616941
670,150162990250794,Northside College Preparatory Hs,HIGH SCHOOL,Cook,1090,44.0,94.3,8198.18,2770.97,10969.15,662.1,663.2,5501 N Kedzie Ave,Chicago,Cook,Sch,60625,41.9812005,-87.7079477
671,150162990250795,Chicago Military Academy HS,HIGH SCHOOL,Cook,299,73.9,90.8,10631.44,2912.27,13543.71,448.8,425.5,3519 S Giles Ave,Chicago,Cook,Sch,60653,41.8301051,-87.6189808
672,150162990250796,Payton College Preparatory HS,HIGH SCHOOL,Cook,1153,31.0,94.3,8468.06,2961.84,11429.9,669.7,677.2,1034 N Wells St,Chicago,Cook,Sch,60610,41.9018199,-87.6355265
674,150162990250803,Phoenix Military Academy HS,HIGH SCHOOL,Cook,545,88.6,94.9,9941.14,3209.37,13150.51,482.6,490.0,145 S Campbell Ave,Chicago,Cook,Sch,60612,41.8790171,-87.6883891
675,150162990250818,Spry Community Links High School,HIGH SCHOOL,Cook,127,92.9,82.5,15462.71,4269.85,19732.56,422.2,421.9,2400 S Marshall Blvd,Chicago,Cook,Sch,60623,41.8475985,-87.69978019999999
676,150162990250820,Chicago Academy High School,HIGH SCHOOL,Cook,559,80.0,94.1,8371.81,2713.33,11085.14,468.7,452.4,3400 N Austin Ave,Chicago,Cook,Sch,60634,41.9429136,-87.7770251
677,150162990250824,Bowen High School,HIGH SCHOOL,Cook,250,86.0,83.4,16460.93,5156.59,21617.52,410.2,403.4,2710 E 89th St,Chicago,Cook,Sch,60617,41.73427179999999,-87.5575844
678,150162990250825,North-Grand High School,HIGH SCHOOL,Cook,991,88.6,89.6,9217.84,3497.6,12715.44,431.9,442.0,4338 W Wabansia Ave,Chicago,Cook,Sch,60639,41.9124219,-87.7349604
679,150162990250826,Raby High School,HIGH SCHOOL,Cook,343,93.9,80.9,11779.09,4780.33,16559.42,391.1,385.3,3545 W Fulton Blvd,Chicago,Cook,Sch,60624,41.8859125,-87.7153374
680,150162990250827,Clark Acad Prep Magnet High Schl,HIGH SCHOOL,Cook,516,76.4,90.7,10844.38,3547.16,14391.54,408.5,391.6,5101 W Harrison St,Chicago,Cook,Sch,60644,41.87254069999999,-87.7527211
681,150162990250828,Rickover Naval Academy High Schl,HIGH SCHOOL,Cook,458,86.5,92.2,10705.45,2446.58,13152.03,481.1,476.4,5700 W Berteau Ave,Chicago,Cook,Sch,60634,41.9574268,-87.7706448
682,150162990250829,Uplift Community High School,HIGH SCHOOL,Cook,160,90.6,85.1,22529.8,7857.87,30387.67,392.2,369.4,900 W Wilson Ave,Chicago,Cook,Sch,60640,41.96598789999999,-87.6521769
684,150162990250830,World Language High School,HIGH SCHOOL,Cook,353,96.6,91.6,9355.67,2995.6,12351.27,440.5,424.0,3120 S Kostner Ave,Chicago,Cook,Sch,60623,41.8354286,-87.73565289999999
685,150162990250831,Douglass Academy High School,HIGH SCHOOL,Cook,61,85.2,83.0,28854.26,5506.83,34361.09,400.0,372.7,543 N Waller Ave,Chicago,Cook,Sch,60644,41.8903432,-87.76733910000002
686,150162990250832,Devry Advantage Academy High Schl,HIGH SCHOOL,Cook,171,72.5,95.6,11363.3,2329.15,13692.45,526.7,549.0,1326 W 14Th Pl,Chicago,Cook,Sch,60608,41.8626381,-87.66066359999999
687,150162990250833,Lindblom Math & Science Acad HS,HIGH SCHOOL,Cook,1361,63.9,93.1,7961.98,3935.59,11897.57,543.3,545.9,6130 S Wolcott Ave,Chicago,Cook,Sch,60636,41.7820653,-87.67213699999999
688,150162990250834,Bronzeville Scholastic HS,HIGH SCHOOL,Cook,216,71.8,85.7,14407.33,3850.56,18257.89,403.8,402.1,4934 S Wabash Ave,Chicago,Cook,Sch,60615,41.804644,-87.62550030000001
689,150162990250835,School of Social Justice HS,HIGH SCHOOL,Cook,300,95.3,87.2,9639.36,3402.03,13041.39,425.6,434.1,3120 S Kostner Ave,Chicago,Cook,Sch,60623,41.8354286,-87.73565289999999
690,150162990250836,Multicultural Acad of Scholarshp HS,HIGH SCHOOL,Cook,220,95.5,85.1,10904.06,3456.62,14360.68,407.8,402.7,3120 S Kostner Ave,Chicago,Cook,Sch,60623,41.8354286,-87.73565289999999
691,150162990250837,Infinity Math  Science & Tech HS,HIGH SCHOOL,Cook,407,95.8,93.7,9383.15,2733.11,12116.26,439.3,488.8,3120 S Kostner Ave,Chicago,Cook,Sch,60623,41.8354286,-87.73565289999999
693,150162990250841,Collins Academy High School,HIGH SCHOOL,Cook,218,96.8,82.9,15194.73,3437.04,18631.77,400.8,395.9,1313 S Sacramento Dr,Chicago,Cook,Sch,60623,41.8643835,-87.7013284
694,150162990250844,Austin College and Career Academy High School,HIGH SCHOOL,Cook,195,93.8,81.4,14131.85,3788.46,17920.31,384.7,383.1,231 N Pine Ave,Chicago,Cook,Sch,60644,41.885368,-87.762958
695,150162990250847,Orr Academy High School,HIGH SCHOOL,Cook,223,92.8,74.4,15166.53,3584.53,18751.06,390.9,381.3,730 N Pulaski Rd,Chicago,Cook,Sch,60624,41.8941496,-87.72646209999999
696,150162990250848,Air Force Acad High School,HIGH SCHOOL,Cook,195,87.2,92.9,16640.89,3950.99,20591.88,443.4,434.2,3630 S Wells St,Chicago,Cook,Sch,60609,41.8278882,-87.6329602
698,150162990250850,Chicago Technology Academy HS,HIGH SCHOOL,Cook,272,89.3,90.1,13722.482759999999,1621.1,15343.58276,414.9,393.4,1301 W 14th St,Chicago,Cook,Sch,60608,41.8630879,-87.659893
699,150162990250851,Chicago HS for the Arts,HIGH SCHOOL,Cook,611,37.0,97.4,15661.98003,958.02,16620.000030000003,506.9,473.3,2714 W Augusta Blvd,Chicago,Cook,Sch,60622,41.8994704,-87.6948413
700,150162990250855,Ogden Int High School,HIGH SCHOOL,Cook,594,63.6,91.6,,,,500.2,483.1,1250 W Erie St,Chicago,Cook,Sch,60642,41.8937679,-87.658807
701,150162990250856,Williams Medical Prep High Sch,HIGH SCHOOL,Cook,177,94.4,85.2,16111.66,3888.0,19999.66,440.7,406.9,4934 S Wabash Ave,Chicago,Cook,Sch,60615,41.804644,-87.62550030000001
702,150162990250857,Westinghouse High School,HIGH SCHOOL,Cook,1203,76.6,93.0,7726.54,3047.28,10773.82,521.0,527.2,3223 W Franklin Blvd,Chicago,Cook,Sch,60624,41.889428,-87.7073041
703,150162990250859,Solorio Academy High School,HIGH SCHOOL,Cook,1195,93.2,93.6,8541.83,3045.59,11587.42,483.4,502.2,5400 S St Louis Ave,Chicago,Cook,Sch,60632,41.795206,-87.7116427
705,150162990250860,South Shore Intl Col Prep HS,HIGH SCHOOL,Cook,654,82.1,90.5,9501.09,3591.35,13092.44,478.9,439.2,1955 E 75th St,Chicago,Cook,Sch,60649,41.7580288,-87.57650389999999
706,150162990250861,Goode STEM Academy HS,HIGH SCHOOL,Cook,917,85.8,88.8,9370.13,3204.26,12574.39,429.8,436.6,7651 S Homan Ave,Chicago,Cook,Sch,60652,41.75385259999999,-87.706639
707,150162990250862,Chicago Excel Academy HS,HIGH SCHOOL,Cook,294,85.0,79.7,13951.78927,1300.54,15252.329269999998,399.5,375.4,1257 W 111th St,Chicago,Cook,Sch,60643,41.6919111,-87.65433660000001
708,150162990250863,Walter Henri Dyett High School for the Arts,HIGH SCHOOL,Cook,477,85.3,91.9,8936.81,2981.74,11918.55,431.2,414.9,555 E 51st St,Chicago,Cook,Sch,60615,41.8011643,-87.6123949
